id;documento
1;Mais uma vez, o Sr. Costner arrumou um filme por muito mais tempo do que o necessário. Além das terríveis seqüências de resgate no mar, das quais há muito poucas, eu simplesmente não me importei com nenhum dos personagens. A maioria de nós tem fantasmas no armário, e o personagem Costers é realizado logo no início, e depois esquecido até muito mais tarde, quando eu não me importava. O personagem com o qual deveríamos nos importar é muito arrogante e superconfiante, Ashton Kutcher. O problema é que ele sai como um garoto que pensa que é melhor do que qualquer outra pessoa ao seu redor e não mostra sinais de um armário desordenado. Seu único obstáculo parece estar vencendo Costner. Finalmente, quando estamos bem além do meio do caminho, Costner nos conta sobre os fantasmas dos Kutchers. Somos informados de por que Kutcher é levado a ser o melhor sem pressentimentos ou presságios anteriores. Nenhuma mágica aqui, era tudo que eu podia fazer para não desligar uma hora.
2;Este é um exemplo do motivo pelo qual a maioria dos filmes de ação são os mesmos. Genérico e chato, não há nada que valha a pena assistir aqui. Um completo desperdício dos talentos de Ice-T e Cubo de Gelo que foram mal aproveitados, cada um comprovando que são capazes de atuar e agir bem. Não se incomode com este, vá ver New Jack City, Ricochet ou assistir New York Undercover para Ice-T, ou Boyz no Hood, Higher Learning ou Friday for Ice Cube e ver o negócio real. Ice-Ts horrivelmente clichê diálogo sozinho faz este filme ralar os dentes, e eu ainda estou me perguntando o que diabos Bill Paxton estava fazendo neste filme? E por que diabos ele sempre interpreta exatamente o mesmo personagem? Dos extraterrestres em diante, todos os filmes que eu vi com Bill Paxton o fizeram interpretar exatamente o mesmo personagem irritante, e pelo menos em Aliens seu personagem morreu, o que o tornou um pouco gratificante ... No geral, esse é lixo de ação de segunda classe. Existem incontáveis ​​filmes melhores para ver, e se você realmente quiser ver esse filme, assista a Judgment Night, que é praticamente uma cópia carbono, mas tem melhor atuação e um roteiro melhor. A única coisa que fez isso valer a pena assistir foi uma mão decente na câmera - a cinematografia era quase refrescante, o que chega perto de compensar o horrível filme em si - mas não é bem assim. 4/10
3;"Primeiro de tudo eu odeio esses raps imbecis, que não poderiam agir se tivessem uma arma pressionada contra suas testas. Tudo o que eles fazem é amaldiçoar e atirar um no outro e agir como uma versão clichê de gangsters. O filme não leva mais de cinco minutos para explicar o que está acontecendo antes que já estivessem no armazém. Não há um único personagem simpático nesse filme, com exceção do sem-teto, que também é o único com metade do cérebro. William Paxton e William Sadler são ambos ""hill billies"" e Sadler é tão vilão quanto os gângsteres. Eu não gostava dele desde o começo. O filme está cheio de violência sem sentido e especialidade de Walter Hills: pessoas caindo de janelas com vidros voando por toda parte. Não há praticamente nenhum enredo e é um grande problema quando você torce por ninguém. Todo mundo morre, exceto Paxton e o sem-teto e todos recebem o que merecem. Os dois únicos negros que podem atuar são o sem-teto e o viciado, mas são atores de profissão, não irritantes rappers feios. Fique longe dessa porcaria. e observe 48 horas 1 e 2 em vez disso. No mínimo, eles têm personagens de que você gosta, senso de humor e nada além de atores reais no elenco."
4;Nem mesmo os Beatles puderam escrever músicas que todos gostassem, e embora Walter Hill não seja um mop-top, ele é incomparável quando se trata de filmes de ação instigantes. Os anos noventa chegaram e as plataformas sociais estavam mudando em música e cinema, o surgimento da estrela de cinema do Rapper estava em pleno andamento, a atuação ficou em segundo plano para cada homem dominar o sotaque regional e a atuação transparente. Este foi um dos muitos filmes de ice-t que eu vi quando criança e amei, só para assisti-los mais tarde e me encolher. Bill Paxton e William Sadler são bombeiros com vidas básicas até que um inquilino em chamas prestes a pegar fogo com um mapa com implicações douradas. Eu entrego a Walter para rapidamente e ordenadamente configurar os personagens principais e localização. Mas eu culpo todos os envolvidos por produzir performances do Lame-o. O gelo e o cubo devem ter ficado muito quentes neste momento, e embora eu tenha gostado de suas carreiras como rappers, na minha opinião, eles ficaram insatisfeitos com esse filme. São cerca de noventa minutos de um cara ridiculamente virando as costas para o outro cara até o ponto em que você se encontra bloqueado em múltiplos estados de descrença. Agora este é um filme, não é um documentário, então eu não vou perder meu tempo recontando todas as reviravoltas estúpidas neste filme, mas havia muitos, e eles não levaram a lugar nenhum. Eu tenho a sensação de ver isso que todo mundo no set era sordeto de confuso e apenas jogando as coisas fora do punho. Há duas coisas que eu ainda gosto, uma envolve uma cena com uma agulha e a outra é uma enorme pistola 45 Sadlers. Bottom line este filme é como pizza de dominó. Sim, eu comeria se estivesse com fome e eu não estivesse com vontade de cozinhar, mas eu estou bem ciente que tem gosto de porcaria. 3 estrelas, meh.
5;Filmes de fotos de latão não é uma palavra apropriada para eles, na verdade, são um tanto ousados. Suas qualidades visuais atraentes são reminiscentes de comerciais de TV caros de alta classe. Mas, infelizmente, as imagens de Brass são longas-metragens com o pretexto de querer entreter os telespectadores durante mais de duas horas! Nisto eles falham miseravelmente, suas qualidades eróticas inegáveis, mas bastante suaves e flácidas que vaporosas, não resistentes.Senso 45 é um remake de um filme de Luchino Visconti com o mesmo título e Alida Valli e Farley Granger na liderança. O original conta uma história de amor sem sentido e luxúria em Veneza e arredores durante as guerras italianas de independência. Brass moveu a ação do século 19 para o século 20, em 1945, para ser exato, então há murais de Mussolini, homens de camisa preta, uniformes alemães ou o traje esfarrapado dos partidários. Mas é apenas fachada, o contexto histórico é completamente insignificante. Anna Galiena interpreta a atraente mulher aristocrática que se apaixona pelo cara amoral da SS que sempre usa muito batom. Ela é uma atriz italiana atraente, versátil e bem treinada e claramente acima do material. Sua ampla gama de expressões faciais sinalizando tédio, aversão, prazer, medo, ódio ... e êxtase são a melhor razão para assistir a esta foto e vale duas estrelas. Ela suporta este material basicamente inútil com uma quantidade impressionante de dignidade. Desejo que algumas partes realmente boas apareçam para ela. Ela realmente merece isso.
6;"Uma coisa engraçada aconteceu comigo enquanto assistia ""Mosquito"": por um lado, o herói é surdo-mudo e o diretor é totalmente incapaz de nos fazer entender por que ele faz o que ele faz com manequins mutilantes ... er, desculpe-me, cadáveres através de suas imagens. Por outro lado, a versão em inglês, pelo menos, é muito mal dublada. Então eu me encontrei desejando que houvesse tanto mais E menos diálogo ao mesmo tempo! Este filme é estúpido como esse cara tem acesso a todos os cemitérios e necrotérios de sua cidade, e onde é que estaríamos em um explorador dos anos 70 sem a nossa cena lésbica gratuita ?. Sem mencionar o aspecto ""romântico"", oh, que doce!"
7;Este filme de terror alemão tem que ser um dos mais estranhos que eu já vi. Eu não estava ciente de qualquer conexão entre abuso infantil e vampirismo, mas isso é supostamente baseado em um verdadeiro personagem. Nosso herói é surdo e mudo como resultado de espancamentos repetidos. nas mãos de seu pai. ele também tem um fetiche de bonecas, mas não consigo descobrir de onde veio isso. Seus colegas de trabalho descobrem e provocam-no terrivelmente.Durante o dia um contador de maneira suave, e à noite ele invade cemitérios e funerárias e bebe o sangue de garotas mortas. Eles são todos atraentes, é claro, senão não nos importamos com o fato de que ele geralmente rasga suas roupas até a cintura. Ele se forma eventualmente para matar, e é isso que o faz ser pego. Como eu disse, um filme muito estranho que é sombrio e muito lento, já que Werner Pochath nunca fala e apenas gasta seu tempo bebendo sangue.
8;"Sendo um fã de longa data do cinema japonês, eu esperava mais do que isso. Eu realmente não posso ser incomodado para escrever muito, como este filme é tão pobre. A história pode ser a coisa mais fofa e romântica de todos os tempos, pena que eu não poderia suportar a atuação horrível, a bagunça que eles chamavam de ritmo, e a história japonesa ""peculiar"". Se você notou quantos filmes japoneses usam personagens, gráficos e reviravoltas que parecem muito ""diferentes"", forçosamente, então evite esse filme. Sério, um garoto de 12 anos poderia ter dito a você como esse filme iria continuar, e isso não é uma coisa boa no meu livro. Fãs de ""Beat"" Takeshi: sua parte neste filme não é mais do que uma aparição, e a menos que você seja um fã fanático, você não precisa sofrer com esse desperdício de filme.2 / 10"
9;"""Tokyo Eyes"" fala de uma menina japonesa de 17 anos que cai como um homem sendo caçado por seu irmão mais velho que é um policial. Este filme manco é de cerca de 50% de enchimento e 50% de conversas, conversas e mais conversas. Você verá o elenco estelar de menos de três pessoas enquanto eles conversam no ônibus, conversam e jogam videogames, conversam e cortam o cabelo, conversam e andam e andam e conversam, conversam no celular, passam o tempo conversando etc. enquanto você lê legendas esperando que algo aconteça. O fino fio de uma história não é suficiente para sustentar um filme com baixo valor de produção final, um elenco escasso, e sem ação, sem romance, sem sexo ou nudez, sem drama pesado ... apenas incessante yadayadayadaing. C-"
10;Fazendeiros ricos em Buenos Aires têm uma longa política de não-comércio com os Crawford de Manhattan, mas o que acontece quando o filho latino de bigode cai por um certo Crawford com olhos brilhantes, cabelos loiros e alguns movimentos alegres na pista de dança? O musical da 20th Century-Fox tem um verniz brilhante, mas parece um pouco ultrapassado nas bordas. É muito pesado na dança frenética, como ginástica, extremamente fina na história. Betty Grable, uma substituta de décima primeira hora de Alice Faye, dá um impulso, apesar de ela estar emparelhada com Don Ameche, de pele castanha e magricela. Também é bom: Charlotte Greenwood como Bettys tia, uma motorista de limusine que constantemente adormece no trabalho, e Carmen Miranda interpretando quem mais ?. As filmagens de ações da Argentina superam de longe a ação filmada no backlot da Fox, e algumas das performances de apoio são bastante terríveis. Até o final do grande final de corrida de cavalos, a maioria dos espectadores terá o suficiente. 1/2 de
11;"Cage interpreta um bêbado e é elogiado pela crítica. Elizabeth Shue Na verdade, tem que fazer um amor com a parte mais desprezível e superestimada de estrume em Hollywood. Eu literalmente vomitei enquanto assistia a esse filme. Claro que tive gripe, mas isso não significa que este filme não tenha contribuído para o vômito no kamode. Por que Nick Cage não pode tocar em algo que ele pode realmente fazer como um ator ruim? Nick Cage, que é brilhante em um papel de mau ator. Parreira ninguém poderia fazer melhor. A busca começa por Nicks contrato com Lúcifer ou Lou Cipher de ""Night Train To Terror""."
12;Primeiro de tudo, eu gostaria de dizer que sou fã de todos os atores que aparecem neste filme e na época que eu aluguei, eu queria gostar. Acho que a principal razão pela qual eu estava tão desapontado foi que o camarote exterior me prometeu um thriller de suspense. Aos meus olhos, um thriller de suspense para filmes britânicos é como algo saído de um romance de Ruth Rendell, algo que tem muitas mudanças e reviravoltas obscuras e deixa o espectador com um final que provavelmente não será esquecido tão cedo.Este filme começou com a nota promissora de ser tal filme. Nós temos o nosso personagem principal, que suspeita de um homem que ele não gosta, de estar envolvido em um ataque e execução que matou o marido de um de seus servos. Suas noções provam estar certas, mas a ideia de que sua esposa pode estar envolvida , não lhe ocorre até que ela confesse a ele que ela era uma parte do crime.Os elementos de um suspense de suspense bom estavam em lugar, neste momento, mas de lá, eu sentia que o filme tomou uma direção diferente e tornou-se quase uma espécie de novela sobre quem quer estar com quem e o que é o amor de um relacionamento real. O filme poderia ter sido agradável para mim, se a caixa externa tivesse falado de um triângulo de amantes retorcidos e não tivesse sido rotulada como thriller de suspense. Isso parecia ser mais uma história de novela e o cenário inicial parecia ser uma leve distração para o verdadeiro conteúdo do filme. Eu senti que este filme poderia ter feito muito melhor do que isso. Eu senti como se continuasse levando o espectador para um grande evento que nunca se concretizou. Então, eu tenho que dar uma classificação mais baixa do que eu teria gostado e dizer que ficou aquém das minhas expectativas.
13;Então me diga - que boozer sério bebe a Budweiser? Quantos bebedores obcecados por suicidas abrigam uma gama de bebidas totalmente abastecida e mal tocada em seu quarto de motel solitário, que um bar de bacharel playboys milionário teria orgulho de ostentar? E que tipo de alcoólatra tende a beber com a garrafa a cerca de 20 centímetros de sua boca faminta, de modo que o conteúdo geralmente se espalha por todo o rosto? Para não mencionar o desperdício de uísque bom por dousing suas namoradas mamas com ele, apenas para o público de cinema pode obter um bom olho de ativos de Elisabeth Shues.Cage parece estar retratando o alcoólatra look-at-me mais atenção-seeking sempre ter agraciado o tela enquanto Shue se parece mais com uma palhaçada de Berkely por um verão do que com um experiente street-walker. Ela é humilhada e subjugada tantas vezes quanto possível neste filme revoltante com espancamentos, lacerações de pele, estupro anal e abuso verbal gráfico - tudo isso completamente implausível e incluído aparentemente apenas para transmitir uma sensação de seu estado terrivelmente degradado e oferecer aos espectadores masculinos um surpreendentemente clichê fantasia sexual sentimental do tart-com-um-coração.Ainda - eu assisti-lo até o fim, altura em que eu estava realmente a rir em voz alta como Shues prostituta rua difícil picada cenouras na cozinha wanly, pateticamente sorridente enquanto Cage - todos os olhos estalando e tremendo como um homem operando uma perfuratriz num terremoto - fez uma careta e assaltou a meia hora final ...
14;Uma grande decepção para o que foi apresentado como um filme incrível. Incrivelmente ruim. Muito pretensioso. Seria bom se apenas uma vez alguém criasse um papel importante para uma jovem que não fosse uma prostituta. Nós realmente não aprendemos nada sobre esse personagem, exceto que ele parece ser um alcoólatra sem esperança. Nós não sabemos porque. Nicholas Cage faz um excelente desempenho como sempre, mas eu sinto que esse papel e esse roteiro o decepcionaram. E como, depois de não poder se apresentar para o filme todo, ele pode ter uma ereção em seu leito de morte? Realmente terrível e eu senti que precisava de um banho.
15;Este filme é absolutamente terrível e horrível. Não é um orçamento baixo, é um filme sem orçamento que faz com que os filmes de Ed Woods pareçam arte. A atuação é péssima, mas sets e adereços são piores do que qualquer coisa que eu já vi. Um trem de metrô comum é usado para transportar pessoas para a zona do mal de mutantes assassinos, Woddy Strode tem uma bala e as cenas de luta são disparadas em um poço de cascalho em desuso. Há sadismo como você esperaria de um vídeo italiano dos anos 80 desagradável. Nenhum talento foi usado para fazer este filme. E o interesse amoroso do sexo feminino tem um enorme sabor bunda- italiano talvez. Mesmo para os padrões italianos dos anos 80, esse filme é muito ruim, mas eu acho que foi lançado em um momento em que não havia tantos filmes disponíveis em vídeo ou os espectadores não estavam muito perspicazes. Este pedaço de porcaria não tem qualquer valor de entretenimento e nem sequer é engraçado, apenas chato e extremamente barato. É realmente e insultar o público mais estúpido. Eu só me pergunto como na terra um ator como Woody Strode acabou em um peru como este?
16;Heres um decididamente médio post italiano apocalíptico assumir a caça / matar seres humanos para o tema do esporte ala The Most Dangerous Game, Turkey Shoot, Gymkata e The Running Man.Certainly o filme revisto aqui é longe de ser tão divertido quanto as outras entradas listadas e é Além disso, arrastado para baixo por voz pobre sobre o trabalho, seqüências de ação geralmente branda, um número de cenas totalmente sem gosto, como uma seqüência prolongada de estupro e alguns pontos verdadeiramente estúpidos e ilógicos por toda parte.Tome, por exemplo, no final do filme, quando o nosso herói consegue infiltrar o composto dos vilões. Ele inicialmente mata um sentinela e deixa-o em seu jipe. Após a descoberta do dito cadáver, a resposta dos vilões? tendo em conta que o nosso herói chegou a assassinar todos eles brutalmente? Eles resolvem esperar até a manhã seguinte para procurar o culpado !!!!!!!!!! No entanto, eu suponho que seja justo o filme permanece, no entanto, sobre assistível se você pode suspender sua descrença durante tais cenas estúpidas e se beneficiar imensamente pela presença do sempre excelente Woody Strode, mesmo que seu tempo na tela seja muito limitado. Não é um clássico por qualquer extensão da imaginação, mas ainda assim merecedor de um relógio para os entusiastas italianos do B-Movie.
17;Na parte inferior da escala de filmes do apocalipse está este pedaço de pish chamado The Final Executioner .. pelo menos de onde eu venho. Um cara é treinado por um ex-policial para se vingar daqueles que mataram sua mulher e amigos a sangue frio ... e é isso. Muitas explosões falsas e tiroteios repetitivos acontecem. Tem um dos trajes mais estranhos que eu já vi em um filme por um tempo, e uma enorme fortaleza que aparentemente é dirigida por apenas 7 pessoas. Ótimo trabalho na dublagem também galera! Melhor momento: quando nosso herói perde uma luta de espadas e está prestes a ser espetado no pescoço, ele apenas pega sua arma e BANG! Por que não fazer isso antes? É um mistério. É por isso que alguém iria querer sentar com isso em primeiro lugar. Eu ainda estou intrigado com isso agora .. 2/10
18;A terra foi destruída em um holocausto nuclear. Bem, partes da Terra, porque em algum lugar na Itália, um bando de sobreviventes de raça pura - aqueles sem contaminação radioativa - estão escondidos em uma enorme mansão cercada por jardins exuberantes, esperando pela próxima oportunidade de caçar aqueles com sangue poluído. . The Final Executioner é a história de um deles seria vítima, Alan William Mang, que parece, não surpreendentemente, muito parecido com Kurt Russell, e seus esforços para derrubar os caçadores legalmente sancionados, que são liderados por Edra Marina Costa e Erasmus. Harrison Muller Jr. Alan foi treinado para matar pelo ex-policial da NYPD, Sam Woody Strode, que fica mais tempo dando apoio moral a seus pupilos e dando carne enlatada. Strode é de longe a melhor coisa sobre o filme, embora ele não pareça muito bem e só apareça por cerca de um terço do tempo de execução. Quanto à história, é uma mistura de elementos de melhores filmes e histórias, incluindo Dez Pequenos Índios, The Most Dangerous Game e Escape From New York. O executor final se movimenta a um ritmo razoável e oferece entretenimento razoável para os fãs de ação menos discriminadores.
19;Muitas pessoas estão em pé na frente da casa n algumas mulheres estão chorando ... Homens de pé em grupos próximos e falando em tom abafado ... um casal de caras entrar e eles estão discutindo o quão sexy a filha pode parecer hoje .. em breve você vai saber que alguém na casa morreu ... A esposa morta está preocupada em preparar comida para tantas pessoas, a amiga sentada ao lado dela dá uma idéia de facilitar as coisas preparando simples roti sabji ... do filho de pessoas mortas está falando com alguém sobre o celular, Filha está ocupada com sua maquiagem ... sua mãe sugere que ela use kameej, mas a filha está mais interessada em parecer bem quando tantas pessoas estarão visitando sua casa e por isso prefere jeans e camiseta sobre salwar kameez ... outro filho pede que sua mãe termine todos os kriyas e também indica a ela que ele não deve vir cedo do escritório ... Então a câmera foca lentamente os mortos pessoa ... o pano branco cobrindo o rosto é d é ligeiramente deslocado devido ao vento, revelando o rosto ... Sua Anupam Kher ... de repente, o alarme toca e ele se levanta da cama ... É seu sonho ou um flashback? U não vai ter uma resposta até o final do filme ... Bem, isso é comédia de wat é para o diretor Dibakar Banerjee !!!!! Mais tarde, você descobre que esta cena não tem nada a ver com o filme real e, portanto, tornar tudo óbvio que o ainda descrito anteriormente era um sonho. Isto é uma comédia de cinema? Bem, é suposto que pertence a essa categoria ... Mas na verdade não faz !!! não há nada que possa ser remotamente associado à comédia no filme !!! Mais sobre o diretor dá a mensagem de que ninguém vai conseguir justiça da polícia !!! então todos devem enganar as fraudes !!!! ou esquecer a justiça !!!! Música de Bapi-Tutul e Dhruv Dhalla é OK ... Nada muito a dizer sobre outros setores ... Roteiro ruim destrói tudo ... nem mesmo o desempenho do Anupam Khers consegue fazer com que pelo menos um vasool paisa ...
20;"A família de Nova York é a última em seu bairro a conseguir um aparelho de televisão, o que quase arruína o casamento de David Nivens com Mitzi Gaynor. Comédia de quarto que raramente arrisca no bedroomand nada sexy acontece lá de qualquer maneira. Gaynor como atriz tem tanto alcance quanto um forno - ela liga, desliga. A única compensação dos filmes é uma performance de apoio da empolgada Patty Duke, pré- ""Miracle Worker"", como filha de Nivens. Ela é deliciosa; ""Feliz Aniversário"" não é. a partir de"
21;"A melhor coisa sobre ""The Prey"" é o slogan ... ""Não é humano e tem um machado""! O filme em si é um stinkaroo acolchoado ... intermináveis ​​fotos de insetos e vida selvagem fazem o espectador querer morrer! Nenhum fã de slasher vai gostar desse lixo ..... Assista ""Friday the 13th"" novamente e grave qualquer cópia deste filme que você encontrar! Também é considerado um dos 25 piores filmes já feitos!"
22;"Isto é verdadeiramente, sem exagerar, um dos piores filmes de Slasher já feitos. Eu sei, saiu nos anos 80 seguindo uma tendência iniciada por ""Friday the 13th"". ""The Prey"" copia o filme mencionado em vários aspectos. O cenário das florestas, o assassino, os adolescentes burros, o sangue, etc. Mas ""A Presa"" é tão ruim quanto você poderia esperar. Eu nem me lembro sobre isso, se não fosse por coincidência. Bem, o assassino é de fato humano, então não espere um assassino sobrenatural nos gostos de Jason. As situações são bastante chatas e falta de tensão, sangue, violência, etc. Ele simplesmente não funciona para um filme de terror. A atuação é simplesmente horrível. A pontuação é horrível! uma combinação de instrumentos chatos com melodias 80s de queijo ?! Eu nem vou mencionar os aspectos técnicos do filme, porque acredite em mim, parece que custou apenas 20 dólares.Por favor, evite esse como a peste. É um dos piores filmes que eu já vi, e isso é algo a dizer. Graças a Deus parece ter desaparecido da terra."
23;"Sou um grande fã de Emily Watson, Breaking The Waves e Tom Wilkinson Normal, e me diverti ao vê-los sendo ofuscados por Rupert Everett Dellamorte Dellamore neste filme chocantemente pequeno que teve todos os ingredientes para ser muito mais. As cenas muito breves em que ele retrata um filho lânguido, infinitamente direito, sem valor, de um Lorde rico são autênticas e divertidas. Mas para um triângulo amoroso havia notavelmente pouca química para falar entre qualquer um. A música era irritantemente a qualidade do filme da semana, e a narração estridente e totalmente desnecessária. Claramente o trabalho de um diretor de primeira viagem com um orçamento pequeno que ou não tinha ou não prestava bastante atenção a bons conselhos. Que pena. Eu posso apreciar como as pessoas que você odeia no começo são aquelas que você gosta no final, e vice-versa, então existe algum tipo de personagem, pelo menos em termos de percepção. Por exemplo, a personagem de Watson, embora refrescantemente honesta para o marido sobre seus sentimentos por outro homem, começou a me irritar no final, particularmente quando anunciou ao marido que simplesmente não tinha absolutamente nenhum controle sobre suas ações e, mais tarde, quando simplesmente declarou que voltaria a seu apartamento civil, sem pedir permissão, sem pedir desculpas. E eu passei de não gostar de Wilkinsons control freak / moral relativist character para o entender e não querer que ele mudasse ao contrário de sua esposa.Este filme desajeitadamente transformou-se de um whodunit para um drama de doença ""Love Story"" ou ""Steel Magnolias"" sem suficientemente me informando do fato, então fiquei distraidamente adivinhando qual seria a próxima reviravolta na trama depois de todos terem sido revelados. Era o Senhor dirigindo o carro? O cão dos lordes? A cena em que o Senhor visita Wilkinson e conta como o bravo Watson é, a melhor enfermeira que qualquer namorado que morre poderia pedir, Florence Nightingale encarnada, etc., estava bem até começar a soluçar como um bebê. Bom Deus! Se você me perguntar, ela é apenas mais uma pessoa rica e enlouquecida com muito tempo em suas mãos, e por isso ela dirige seu trabalho árduo, proporcionando ao cônjuge uma loucura desnecessária. Ela transando era apenas outra maneira de ocupar sua vida vazia; a coisa moribunda era um bônus adicional para ela, pois de alguma forma ela tornava suas ações anteriores completamente acima de qualquer reprovação. Olha, todo mundo teria ficado melhor se Wilkinson tivesse acabado de deixá-la por sua secretária, que parecia apreciá-lo por quem ele era. Em vez disso, ele agiu como um cão abusado, seu desejo de abrir o afeto da esposa aumentando a cada pontapé que ela lhe dá. Eu não sou anti PC ou qualquer coisa, só não soou verdadeiro, mesmo depois de levar em conta todas as duras realidades da meia-idade, todos nós tendemos a enfrentar. O final para mim foi e não a intenção dos diretores, estou certo de deprimente. O filme passou os últimos 80 minutos me convencendo de que essas duas pessoas simplesmente não pertencem a elas, então não encontrei nenhuma alegria na promessa de seu relacionamento continuar. Eu não estou acima de querer minhas emoções manipuladas por uma história, isso só tem que ser um pouco plausível e não banal. Isso é pedir demais? Minha pontuação: 4/10"
24;"Claro, a maioria dos filmes de terror da década de 1980 não valeu a pena que eles foram filmados, mas esse pesadelo em vídeo pode muito bem ser o mais tedioso produzido. Seis garotos que fumam maconha decidem ir acampar. Claro, e você já sabe disso, eles começam a ser mortos um por um por um estranho. O clímax tem um guarda-florestal bonitão tentando acompanhar os adolescentes a tempo, antes que a última garota fofa se torne buzzardbait. John Carl Buechler, meu cara favorito de filme B, fez os péssimos efeitos aqui. O elenco conta com Carel Struycken, de ""The Witches of Eastwick"" e os filmes da família Addams. Infelizmente, ele não aparece até o final do filme, e é coberto por maquiagem queimada, tornando-o irreconhecível. Steve Bond não se lembra dele? está aqui em um papel adiantado como uma vítima. A direção das bordas, e o roteiro que cowrote, ambos cheiram como os ursos marrons atuais saem na floresta. Ele acompanha o filme com tantas filmagens de animais selvagens, eu pensei que eu acidentalmente aluguei um episódio especial de Mutual of Omahas Wild Kingdom. Grande parte do thecast senta-se ao redor da fogueira e come, depois anda, senta e come novamente. O guarda florestal está envolvido na cena mais estranha que já fez um filme de terror: ele conta uma piada sobre um sapo de boca larga para um cervo abadre. Jackie Coogan, que deve ter esquecido que trabalhou uma vez com as lendas do cinema mudo, tem duas cenas, e está envolvido na segunda cena mais estranha já feita em um filme de terror: ele e o bonitão florestal conversam sobre sanduíches de queijo e pepino com pão de aveia ... sim. Não há um minuto de suspense aqui. O assassino, um sobrevivente do incêndio florestal à procura de um companheiro, observa os alunos de trás das árvores. Sabemos que é o assassino porque os cineastas tiveram um efeito de batimento cardíaco que serve para despertar o espectador a cada poucos minutos. Pule esta pilha de seiva de pinho e alugue o ""Halloween"", em vez disso.Este é classificado como R por violência física, violência moderada, violência, algumas palavrões, nudez breve, conteúdo sexual moderado, referências sexuais e abuso de drogas."
25;"Eu acho que teria sido um título mais apropriado para este filme, já que ele está repleto de cenas de vários insetos e animais. Eu encontrei recentemente a presa em sua forma original de caixa grande VHS e estava muito animado. Eu adoro encontrar filmes de terror em VHS porque a capa é fantástica. Normalmente, no entanto, o filme em si é menos que fantástico. A presa é um desses filmes. Para ser justo, tudo começou bem, com o assassino perseguindo os adolescentes clichê na floresta. Os sons de batimentos cardíacos usados ​​são um ótimo efeito que deixa você tenso enquanto assiste. Este filme é basicamente um grande clichê gordo, e quando a seção de ""histórias de fogueira"" entra, o filme toma uma nova direção e gasta quase metade do tempo de corrida na história do assassino. Eu realmente pensei que esta era uma ideia bastante original. No entanto, a história de fundo termina abruptamente e nos mostra algumas cenas de estoque de uma floresta em chamas, a falta de orçamento realmente começa a mostrar agora. Depois disso, somos devolvidos aos adolescentes burros sendo apanhados na floresta. O assassino não é mostrado até o final, o que é uma pena, porque ele realmente faz um assassino eficaz. Mais ou menos como Cropsy from The Burning, mas melhor. Quanto ao sangue, não há muito, embora haja um momento de esmagamento da face OK no final. No geral, eu não recomendaria esse filme para ninguém além de especialistas em slasher - é realmente uma grande bagunça."
26;"1980 foi certamente um ano para maus filmes de terror. ""Friday The 13th"" e ""The Burning"" podem ter sido os melhores, mas sempre houve alguns fãs que não ficaram muito atrás, como ""Dont Go Into The Woods Alone"" e esse. Mas com toda a justiça ""The Prey"" está longe de ser tão ruim quanto ""Não vá para o bosque"", mas ainda não é grande. Uma coisa é que é apenas chato e agindo não é muito bom, mas muito melhor do que ""DGITW"" e este filme realmente tem algumas mulheres atraentes olhar para, todos os três clientes do sexo feminino foram impressionantes. Uma coisa, o que está acontecendo com toda aquela insensata vida selvagem, parecia inútil e parecia que o diretor usava isso para usar isso para preencher um espaço de tempo. Então, o que havia para gostar desse filme? Bem, houve algumas gargalhadas em momentos de queijo - eu não pude conter um ataque de risos quando a garota final fez um tipo bizarro de caminhar pela lua para se afastar do kille e havia algumas boas cenas de matança - minhas favoritas sendo a garota sufocou até a morte com o saco de dormir; e o olhar falso.Em tudo, The Prey é burro, chato e assassino que eu não achei assustador, esse filme poderia ter sido muito melhor."
27;Tudo o que todo mundo já disse é verdade quando se trata de The Prey. Filmagens da natureza sem fim, atuação ruim - Além desses elementos, este é um filme assistível para fãs de slasher que, em alguns casos, é considerado um clássico cult. Jackson Bostwick e Jackie Coogan jogam muito bem um com o outro. Há também um solo de banjo de três minutos que mostra a habilidade de Bostwicks por trás do instrumento. Não é muito ruim se eu disser isso mesmo. Os últimos dez minutos do filme são sua graça salvadora. O final ainda me persegue até hoje. Isso também pode durar um pouco mais, já que um dos primeiros John Carl Bucheler faz os efeitos especiais. Alguns podem conhecê-lo de filmes como Troll e sexta-feira 13 parte 7 - Ele dirigiu ambos os filmes Apesar de tudo, este não é um filme todo mundo vai encontrar algo redentora dentro De fato, em um nível de Hollywood, isso pode classificar lá em cima com uma das empresas mais amadores esforços, mas para aquele punhado ainda muito leal de fãs de filmes de terror no mundo, até mesmo a má atuação e imagens de natureza atroz podem ser perdoados.
28;"Uhhh ... então, eles ainda têm escritores para isso? Talvez eu seja exigente, mas gosto de um pequeno diálogo com meus filmes. E, no que diz respeito a filmes slasher, apenas um pouco de desenvolvimento de personagem será suficiente. Infelizmente, The Prey não oferece nenhum dos dois e se você acha que eu estou sendo hiperbólico, você apenas terá que ver por si mesmo. Cena após cena, apenas pegamos atores parados, parecendo desamparados e desajeitados, abandonados por qualquer senso de roteiro. Fora de chamar os nomes uns dos outros quando se separam na floresta, os únicos casos em que essas pessoas dizem algo substantivo são quando um personagem explica a constelação de Orion claramente plagiada de Funk & Wagnalls; tarifa slasher cintilante, não? e outro relembra um antigo conto de fogueira que nem tem nada a ver com a trama esperar, qual é o enredo? Em outras ocasiões, The Prey realmente tem a ousadia de filmar seus personagens com o microfone boom bem longe o suficiente para que não possamos ouvir exatamente o que eles estão dizendo. Então, temos cenas inteiras em que os atores estão murmurando! Deliberadamente! Sério, eu vi mais diálogo em um filme mudo. É como se os cineastas sentassem em um bar em algum lugar de Rancho Cucamonga no auge da loucura dos anos 80 e um olhasse para o outro e dissesse: ""Ei, eu tenho uma ótima idéia para uma mordaça sangrenta de decapitação. Vamos de alguma forma recurso em torno dele "". E bem, eles fizeram. Para ser justo, The Prey provavelmente tinha algum tipo de escritor a bordo. Quero dizer, alguém teve que anotar a sequência da cena e rotular os diários. No entanto, estou totalmente convencido de que este filme não tem um editor de qualquer tipo. Há pausas gritantes, tableaux chatos e zero senso de ritmo por toda parte. Os cineastas não têm mais nada no roteiro para filmar, então eles preenchem o tempo de execução com taxonomias exaustivas da flora e da fauna que habitam a floresta na qual nossos adolescentes loucos e loucos estão sendo fatiados e picados. Estas criaturas são todas filmadas à luz do dia, de forma completamente reservada e sem nenhuma tentativa de fotografar a atmosfera. Se parece um filme de ciência, é porque é. Eu tenho certeza que isso é tudo natureza show metragem? Tudo o que está faltando é uma narração abafada de alguns vereador da National Geographic.More emocionante que foi graciosamente poupado do chão da sala de corte: uma cena em que dois homens discutem pepino e cream cheese sanduíches, e outra cena em que um personagem de apoio se afasta em um banjo pelo que parece um minuto e meio inteiro! Um minuto e meio! Isso é muito banjo para se comprometer com celulóide para começar, muito menos inserir no corte final do filme! Muito bem, pessoal! Brevidade e concisão são as verdadeiras vítimas deste massacre. Admitidamente, o filme pega um pouco de vapor comparativamente nos últimos 25 minutos, no qual grande parte da carnificina é condensada e onde um roubo de Béla Bartóks ""Música para Strings, Percussion e Celesta ""corta. Vaudeville grande Jackie Coogan faz uma aparência divertida como um ranger parque tubby, bumbly este foi seu último papel, se você pode acreditar. E há alguns bons momentos sangrentos, incluindo um rasgão no pescoço e a decapitação acima mencionada. A maquiagem usada para o assassino Carel Struycken, também conhecido como ""Lurch"" dos filmes da Família Addams, também é bastante eficaz, e faz com que ele pareça um estranho híbrido do jovem Jason Voorhees e Freddy Krueger. Além disso, se você gosta de finais malucos e retos, você precisa verificar como eles envolvem esse filhote. Você vai fazer um cuspe, eu prometo. Geralmente, eu amo filmes que estão nesse nível de inépcia, mas os primeiros três quartos de The Prey são tão interminavelmente chatos que eles praticamente estragam o resto. No geral, esse é um assunto amplamente pálido e tedioso e, embora não seja ruim, deve ser visto apenas por especialistas em slasher debilitados. Por que fazemos isso para nós mesmos, afinal?"
29;"Ah, sim, este é definitivamente um forte candidato para ganhar o prêmio questionável de ""pior slasher dos anos 80 já feito"". ""The Prey"" tem tudo que você normalmente quer evitar em um filme de terror: uma rotina, uma trama derivada que você já viu milhares de vezes antes e melhores, personagens insuportáveis ​​e performances terríveis, uma completa falta de sangue e suspense, fotografia difusa e não original. localizações e? mais irritante de todos? a maior quantidade de imagens de preenchimento inútil que você já encontrou em sua vida e isso não é um exagero, mas uma garantia !. Além da quantidade aparentemente infinita de imagens da National Geographic, que eu vou expandir mais tarde, este filme é desavergonhado o suficiente para incluir um interlúdio de banjo completo! e duas ocasiões em que os personagens contam piadas que não são nem um pouco engraçadas! A configuração é tão rudimentar quanto possível, com a introdução mostrando imagens de um incêndio florestal devastador com gritos humanos de voz sobre OTT. Avançando quase quarenta anos depois, quando um casal idoso acampando naquela mesma área é atingido por algo que respira pesadamente fora da tela. Isso deve ser informação suficiente para você deduzir que alguém sobreviveu ao fogo todos esses anos atrás e permaneceu rondando desde então. Entra três intoleráveis ​​casais de vinte pessoas que se dirigem para a zona de perigo com exclusivamente sexo em suas mentes, inconsciente, é claro, que eles são patos sentados para o assassino que espreita e ofega. ""The Prey"" é um filme chato irremediável. Aparentemente já foi filmado em 1978, mas ninguém quis distribuí-lo até 1984 e não é difícil entender por quê. No caso de você filtrar todo o conteúdo relevante, isso seria apenas um filme curto com um tempo de execução de 30 minutos; possivelmente menos ainda. Há uma quantidade inimaginável de cenas da natureza e vida selvagem, às vezes de animais que eu acho que não vivem nesse tipo de área, e eles parecem durar para sempre. A única coisa que falta, na verdade, é a típica narração da National Geographic que fornece informações educacionais sobre os hábitos dos animais. Animais em seu próprio biótopo natural são inegavelmente legais de se ver, mas não em um filme de terror supostamente vil e brega dos anos 80, por chorar em voz alta. Os últimos quinze minutos são finalmente um pouco valiosos, com algumas sequências de matar potentes e efeitos de maquiagem no monstro que acaba por ser Lurch de filmes ""The Addams Family"", mas ainda assim tolice overrules? a cena com os abutres é muito estúpida? e o tiro final é apenas retardado. Como mencionado acima, ""The Prey"" facilmente faz a minha própria lista pessoal dos piores slashers dos anos 80, ao lado de ""Appointment with Fear"", ""Berserker"", ""Jogos Mortais"", ""Não Vá nos Bosques"", ""Hollow Gate"", ""The Fique acordado ""e"" toque de recolher ""."
30;"Receita de slash supercraptástico, que parece excessivamente longa aos 80 minutos. Anos atrás, um bando de ""ciganos"" que viviam nas cavernas de uma montanha, foram queimados em um incêndio florestal. Anos depois, os campistas desaparecem da área do incêndio. Um bando de crianças com tesão é, naturalmente, a caminho desta área para uma viagem de acampamento debochado de lá próprio. Apesar de uma saudação sinistra do guarda florestal Jackson Bostwick, as crianças chegam à montanha de qualquer jeito. Em pouco tempo, as crianças começam a ser pegas pelo monstro, que permanece invisível até o final do filme, provavelmente porque a maquiagem era tão embaraçosamente ruim. Não há surpresas em falar: elas são mortas na ordem exata que a fórmula para esses filmes dita, deixando a ""garota final"" para se defender sozinha, embora em um desenlace refrescantemente pessimista, a garota final acabe aprisionada e impregnada pelo monstro. A história em si não poderia ter o peso do comprimento do recurso, então foi preenchida por imagens aparentemente intermináveis ​​de vida selvagem e insetos, que obviamente foram filmadas para outro filme e inseridas aqui como forma de tornar o filme longo o suficiente para um lançamento em vídeo. . No lado positivo, a filmagem da vida selvagem é bastante boa. Entre os destaques estão Bostwick conversando com um filhote de cervo, uma decente seqüência de morte escalando, OK gore, e o Grande Jackie Coogan em seu papel no cinema final, como o xerife local desastrado. Isso está muito longe de Charlie Chaplin, mas ainda assim foi legal vê-lo. Isto é apenas para completistas de slasher."
31;"Mesmo com os baixos padrões dos filmes de terror dos anos 80, esse aqui cheira mal. O bando habitual de adolescentes supersexuais se dirige para uma parte ""proibida"" da floresta, que queimou na década de 1940 e aparentemente deixou um único sobrevivente raivoso. Avanço rápido, na verdade, você vai querer avançar rapidamente por grande parte dessa bagunça até os dias de hoje, onde alguns campistas são massacrados; os adolescentes seguem seu rastro, enquanto um guarda do parque semi-preocupado, o sonâmbulo Jackie Coogan e sua coorte saudável, que giram muito tempo ajustando seu banjo, conseguem parcialmente desviar nossa atenção de metros de metragem natural medíocre. preenchimento. Finalmente, mais assassinatos - mas nada que você não tenha visto um zilhão de vezes antes. Se você quiser ver as crianças esquartejadas, opte por SLEEPAWAY CAMP ou pela primeira sexta-feira THE 13TH sobre este"
32;Caminhantes tolos vão acampar nas montanhas de Utah apenas para se depararem com um cigano assassino e desfigurado. The Prey é uma bonita corrida do filme slasher do moinho, que sofre principalmente de falta de imaginação. Os personagens da vítima são adolescentes idiotas muito familiares, o que significa que realmente não se importa com eles, apenas nos perguntamos quando eles vão morrer! Sem mencionar que tem muitos momentos extravagantes e é preenchido com filmagens infinitas e desnecessárias da natureza. No entanto, ele tem alguns momentos de interesse para os fãs de slasher, o toque ocasional de atmosfera assustadora e uma trilha sonora decente de Don Peake. Ainda assim, seu negócio, como de costume, para filmes de trailers mortos. Há filmes muito melhores nesse sentido, mas, acima de tudo, The Prey pode ser assistível o bastante para os fãs obstinados do slasher. Embora alguém possa ser mais recompensado para assistir Just Before Dawn 1981, Wrong Turn 2003, ou mesmo The Final Terror 1983 novamente. 1/2 de
33;"Alugou 3 filmes ruins para assistir com meus amigos em meu dormitório.Leprechaun 4, Jack Frost e The Prey.Eu peguei Jack e Lep 4 porque eles são bem conhecidos filmes ruins que eu nunca vi.Eu escolhi este filme porque combinava o guia ""Como encontrar um filme ruim"" em badmovies.org, Sem descrição real, sem fotos do filme no verso, e eu nunca tinha ouvido falar dele, tinha que ser um vencedor: SPOILERS, mas esse filme é tão horrível não importa: PTis é um verdadeiro filme ruim, Lep 4 e Jack Frost são burros de propósito, isso é estúpido apesar dos melhores esforços do elenco e da equipe. Esse ""filme"" começa muito parecido com Evil Dead, até mesmo os atores são parecidos e tem o mesmo estilo de vestir. Ao contrário de Evil Dead, ele nunca ganha velocidade alguma. Para um filme ""slasher"", é bem insosso, em 80 minutos 6 pessoas são mortas, mas elas estão espalhadas até o momento. O diretor fez muitas cenas chatas de caça de animais, obviamente para acompanhar o todo o tema ""Prey"", mas eles não fazem nada para avançar a história e são muito entediantes. O sangue é horrível. Todos esses tiros extras eram para compensar a falta de um roteiro e uma história. Os últimos 5 minutos do filme são filmados em câmera lenta, mas é outra maneira de acrescentar tamanho a isso. O ""clímax"" é uma piada tão completa, é difícil rir disso é tão ruim. A parte de trás da caixa diz ""O final vai chocar e assombrar você"". Sim, vai, você vai chocar que alguém poderia colocar uma ""reviravolta"" tão ruim no filme e ""assombrar"" você, porque você não vai acreditar que você pagou para assistir a essa porcaria.Também o slogan é ""não é humano, e tem um Machado!"" Uma pessoa é morta com um machado em todo o filme e está fora da tela.Uma verdadeira 1 de 10. EU AMO rir de filmes ruins, mas esta é tão ruim que até mesmo não tem qualidades exageradas. Nenhuma noite de filme ruim é competir sem um verdadeiro filme de construção de personagem: P"
34;"Eu fui puxada para este filme no início, para minha surpresa, porque eu não pretendia assistir a nada. Agora eu queria não ter. O suspense começa bem, com o atropelamento e fuga resultando em morte e a questão de saber se o culpado irá confessar, ou ser descoberto, ou factível agora, apesar de um não-não nos velhos tempos de fazer cinema longe com isso. As tramas já foram feitas antes - o que a trama não tem - mas as tensões inerentes a ela, com as complicações e motivações adicionais decorrentes do caso de amor ilícito, contribuem para um primeiro semestre absorvente. Então o filme abandona o atropelamento e corre para embarcar em uma exposição nublada de dois amores não correspondidos e sofridos. As duas faixas de enredo - hit e correr amor irracional - só não tem o suficiente para fazer um com o outro, e que envolvem os mesmos personagens não liga-los o suficiente para justificar a partida da linha da história original. O roteirista deveria ter escolhido um enredo ou outro. No final do filme, no meio do segundo funeral do filme, eu me vi pensando: ""Agora, o que isso tem a ver com aquele atropelamento e fuga?"" Os cineastas podem achar a resposta óbvia, mas acho que o filme foi plotado e executado com flacidez."
35;A presa tem uma história interessante, a menos que você se lembre dos anúncios nos jornais em junho de 1984, você pode ter pego no canal Movie no verão de 85, mas pouco mais é lembrado. O enredo é o seu assassino básico na floresta novamente. Mas, ironicamente, isso foi filmado antes de sexta-feira 13. A presa foi na verdade filmada em 1978, de acordo com um dos atores em uma entrevista anos depois. Mas liberado por cerca de uma semana em alguns drive-ins, sim Jim, namans drive em mostrou isso em junho de 84. Mas tem um olhar datado para ele. Talvez eles tenham lançado mais tarde para lucrar com todos os outros filmes de terror que o mercado foi inundado em 1984. Agora, na história, há algum tipo de história por trás, um incêndio florestal na década de 1940 deixa muitos ciganos queimados. morrer. Mas um de seus filhos sobrevive ao nosso monstro, então vamos em frente até os dias atuais, o que seria em 1978, nós temos um casal mais velho de meia-idade acampando apenas para ser despachado pelo Monstro. O slogan desta foto afirma que ele NÃO É HUMANO, e tem AX, mas um Axe só foi usado nessas duas primeiras mortes. Agora temos um monte de adolescentes que se parecem com eles em seus 20 anos acampando. Nós todos sabemos que eles são a presa, e o monstro os derruba um por um. Para um filme de 80 minutos, parece mais longo. Nós também temos um monte de imagens da vida selvagem para preencher espaços vazios para os 80 minutos. No geral, por estar em um filme de terror dos anos 80, parece muito mais 70 anos do que nunca. Ei, a presa tinha potencial para ser um bom assassino de terror no filme da floresta, mas cai um pouco .. No entanto, apresenta um monstro assustador muito legal no final, e temos que esperar até os últimos 2 minutos para vê-lo. Nota lateral, o monstro passou a estrelar os filmes da família Addams na década de 1990 ..
36;"Todas as críticas deste filme são bastante válidas! É muito chato e cheio de todo tipo de coisas absurdas e sem sentido. Um casal trocando acenos com o ""bom grub"". Uma imagem média de uma mesa enquanto um telefone toca até que alguém finalmente chega, senta e responde a um ritmo bem calmo. Quádruplo leva ou mais quando as pessoas olham para as coisas. Solitário banjo-tuning e jogando, fazendo uma pausa para uma cerveja. Contando uma piada para um cervo, sobre um sapo de boca grande tentando aprender o que alimentar seus bebês, com muitas expressões de boca grande que são necessárias para a linha de perfuração fraca. A partilha de sanduíches de pepino e cream cheese no pão de aveia, que para os mais sensíveis tornam-se intragáveis ​​quando se fala de pessoas queimadas em um incêndio. Muitas cenas de close-up aparentemente filmadas de animais, pássaros, insetos e aranhas na floresta. O filme começa com um incêndio florestal, então pelo menos algumas décadas depois algumas pessoas nessas mesmas matas são mortas por um machado. O assassino evidentemente não estava muito satisfeito com o machado que ele roubou, e mata outras pessoas com outras armas de oportunidade ou com as próprias mãos. Se é verdade que o filme na versão disponível na fita de vídeo esgotada é cortado, talvez se houver muitas filmagens que foram cortadas, merece outra olhada em DVD. Caso contrário, é simplesmente não muito interessante, e provavelmente tentaria a paciência até mesmo do mais hardcore fã de slasher ao ar livre."
37;Eu entrei em uma livraria em Brentwood, Tennessee. Não vou dizer o nome porque sou um cliente dedicado. Fiquei satisfeito com todos os itens que comprei antes deste. Em exibição na frente da loja estava The Bell Witch Haunting. Posso mencionar que esta é a única loja em que a vi à venda. Eu tinha ouvido falar da história em algum lugar e lembrei que ela deveria ter realmente acontecido de verdade. Eu estava muito animado e não podia esperar para assistir. Eu tinha grandes expectativas para isso. Eu não podia acreditar no que vi quando o vi. Não parecia um filme real. Parecia um vídeo caseiro. Eu estava com a impressão de que deveria ser um filme de terror. Quero dizer que o filme deveria ser sobre uma bruxa assombrando você sabe. Este não é um filme de terror. Você não vai pular do seu assento assistindo este filme. Eu dei ao filme todas as chances no mundo de melhorar enquanto acontecia. Eu juro que fiz. Nunca melhorou. Havia várias cenas deste garotinho fazendo cocô e xixi jogado nele. Eu não achei tão divertido assim. Eu assisti o filme inteiro com descrença que a loja realmente venderia isso para mim. Eu acho que é o quão ruim esta economia tem. Eu tenho isso para dizer ao elenco e à equipe. Não mostre este filme como material para obter outros trabalhos no cinema. Não faça isso. Eu quero dizer isso sinceramente. Eu recomendo por tentar. Para as pessoas que compraram isso. Eu digo isso. Não venda sua cópia para alguém. Eles poderiam ficar muito chateados. Tenham um bom dia, pessoal.
38;Graças a Deus eu mesmo não comprei este filme! Eu peguei emprestado de um amigo que comprou por pura curiosidade e, claro, depois de vê-lo, eles deveriam ser reembolsados! Este tem que ser um dos piores filmes que eu já vi! Eu percebo que eles não poderiam ter tido muito de um orçamento, mas eu juro que eu poderia fazer um filme melhor do que isso olhando meus animais de estimação! A atuação foi horrível, assim como a edição, o diálogo, TUDO! Foi tão ruim que estava seriamente me deixando com raiva enquanto eu assistia! Estou ansioso para o filme real sobre esta história que sai em breve para que as pessoas curiosas sobre isso não tem que se inclinar para assistir a essa piada!
39;Eu vi esse filme com minha namorada. Foi um desastre total. Você pode realmente ver que foi feito barato. Mal roteirizado e com atuação muito ruim. Eu li várias versões do livro de diferentes autores e também escutei uma versão em audiobook. Nós não poderíamos levar o filme a sério por causa dos elementos que faltavam. A experiência de ver isso foi como a Bruxa de Blair visita Green Acres. Então havia partes que eram vulgares. Eles mostram esse garotinho usando uma panela de cama e eles realmente mostram o conteúdo dele. A bruxa joga o conteúdo sobre o menino e toda a família ri. Eu pensei que era desagradável e muito estranho. Eu realmente não consigo entender por que alguém pensaria que seria divertido. Ele mostra outra cena em que a Dra. Mize chega e Betsy Bell está urinando em seu vestido nos degraus de sua casa na frente de sua mãe e irmãos. Em vez de a mãe levá-la embora, é o irmão. Que doente? O garotinho na primeira cena das muitas cenas que tratam de como o seu corpo se desfaz de lixo implora por papel higiênico e vai para a casa de fora e faz esses rostos doentios de alegria com efeitos sonoros. Eu acho que eles deveriam ter deixado tudo isso de lado. A maquiagem no reverendo James Johnston como um homem mais velho realmente não faz você assumir que ele era mais velho. Isso fez você pensar que ele foi mergulhado em massa de peixe. O sangue em Joshua Gardner quando ele cai da escada é ainda pior. A cena da morte de John Bell parece que eles pegaram farinha e tentaram fazer algo com ela para fazê-lo parecer um homem doente e sério. Para mim, muita comédia repugnante com problemas no banheiro e pessoas inexperientes envolvidas foi a queda desse quadro. Essas pessoas fariam melhor se filmassem comerciais para estações de TV locais para produtos de banheiro. Eles escolheram um bom assunto e não conseguiram produzi-lo de maneira correta. Eu classifico este filme Capital F menos.
40;Se alguém lhe disser que essa foto é ótima, provavelmente tem algo a ver com isso ou lucrar com isso. Este filme é um verdadeiro perdedor e copia situações de filmes de terror de grande orçamento e para não mencionar trilhas sonoras para. Eu não recomendaria este para o meu pior inimigo. É um filme de baixo orçamento com atores amadores. Parece que foi filmado para um concurso de filmes. A atuação é terrível e não me surpreenderia se o roteiro fosse escrito por um roteirista de Hee Haw. Minha família riu disso. A Grade ZZZZZZZZZZZZZ todo o caminho. Você não ficará assustado com isso. Aqui está um gostinho dos elementos terríveis deste filme. Quando o cara recebe seu dedo pisado por Ric Whites retrato estúpido do reverendo James Johnston bengala. As reações dos caras são como se ele tivesse uma amputação sem analgésico. Assista os extras do DVD depois de assistir ao filme. Quando você vê Ric White e outros falarem tão seriamente sobre o filme, você vai rir até seu estômago doer. Como as pessoas estenderão a verdade e o que farão para ganhar um dinheirismo desonesto. Não se deixe enganar como fizemos e comprar este fracasso.
